{
  "accuracy": 0.5457413249211357,
  "total_return": 0.35994100622945746,
  "annual_return": 0.1301989749671315,
  "sharpe": 0.9072115666321647,
  "max_dd": -0.16536132381601665,
  "win_rate": 0.5279605263157895,
  "current_signal": 0.6743155317371379
}